{
  "__type__": "cc.Skeleton",
  "_name": "Skin-1",
  "_objFlags": 0,
  "__editorExtras__": {},
  "_native": "",
  "_joints": [
    "mixamorig:Hips/mixamorig:Spine/mixamorig:Spine1/mixamorig:Spine2",
    "mixamorig:Hips/mixamorig:Spine/mixamorig:Spine1/mixamorig:Spine2/mixamorig:Neck",
    "mixamorig:Hips/mixamorig:Spine/mixamorig:Spine1/mixamorig:Spine2/mixamorig:Neck/mixamorig:Head",
    "mixamorig:Hips/mixamorig:Spine/mixamorig:Spine1/mixamorig:Spine2/mixamorig:Neck/mixamorig:Head/mixamorig:HairB",
    "mixamorig:Hips/mixamorig:Spine/mixamorig:Spine1/mixamorig:Spine2/mixamorig:Neck/mixamorig:Head/mixamorig:HairA",
    "mixamorig:Hips/mixamorig:Spine/mixamorig:Spine1/mixamorig:Spine2/mixamorig:RHoodieString",
    "mixamorig:Hips/mixamorig:Spine/mixamorig:Spine1/mixamorig:Spine2/mixamorig:LHoodieString",
    "mixamorig:Hips/mixamorig:Spine/mixamorig:Spine1/mixamorig:Spine2/mixamorig:LHoodieString/mixamorig:LHoodieString1"
  ],
  "_bindposes": [
    {
      "__type__": "cc.Mat4",
      "m00": 1,
      "m01": 1.322303239126299e-10,
      "m02": -1.7867977930574597e-11,
      "m03": 0,
      "m04": -1.322303239126299e-10,
      "m05": 1,
      "m06": -6.936531062487471e-18,
      "m07": 0,
      "m08": 1.7867977930574597e-11,
      "m09": 6.938893903907228e-18,
      "m10": 1,
      "m11": 0,
      "m12": -2.8157407516715693e-9,
      "m13": -1.144883394241333,
      "m14": -0.01338027510792017,
      "m15": 1
    },
    {
      "__type__": "cc.Mat4",
      "m00": 1,
      "m01": 1.322303239126299e-10,
      "m02": -1.7867977930574597e-11,
      "m03": 0,
      "m04": -1.322303239126299e-10,
      "m05": 1,
      "m06": -6.936531062487471e-18,
      "m07": 0,
      "m08": 1.7867977930574597e-11,
      "m09": 6.938893903907228e-18,
      "m10": 1,
      "m11": 0,
      "m12": -2.794327880195624e-9,
      "m13": -1.3291902542114258,
      "m14": 0.01785026304423809,
      "m15": 1
    },
    {
      "__type__": "cc.Mat4",
      "m00": 1,
      "m01": 1.322303239126299e-10,
      "m02": -1.7867977930574597e-11,
      "m03": 0,
      "m04": -1.322303239126299e-10,
      "m05": 1,
      "m06": -6.936531062487471e-18,
      "m07": 0,
      "m08": 1.7867977930574597e-11,
      "m09": 6.938893903907228e-18,
      "m10": 1,
      "m11": 0,
      "m12": -2.800826459647965e-9,
      "m13": -1.4197009801864624,
      "m14": 0.007510047405958176,
      "m15": 1
    },
    {
      "__type__": "cc.Mat4",
      "m00": 1,
      "m01": 1.322303239126299e-10,
      "m02": -1.7867977930574597e-11,
      "m03": 0,
      "m04": -1.322303239126299e-10,
      "m05": 1,
      "m06": -6.936531062487471e-18,
      "m07": 0,
      "m08": 1.7867977930574597e-11,
      "m09": 6.938893903907228e-18,
      "m10": 1,
      "m11": 0,
      "m12": -0.0020839767530560493,
      "m13": -1.6675617694854736,
      "m14": -0.24071301519870758,
      "m15": 1
    },
    {
      "__type__": "cc.Mat4",
      "m00": 1,
      "m01": 1.322303239126299e-10,
      "m02": -1.7867977930574597e-11,
      "m03": 0,
      "m04": -1.322303239126299e-10,
      "m05": 1,
      "m06": -6.936531062487471e-18,
      "m07": 0,
      "m08": 1.7867977930574597e-11,
      "m09": 6.938893903907228e-18,
      "m10": 1,
      "m11": 0,
      "m12": 0.0708107277750969,
      "m13": -1.663983941078186,
      "m14": -0.2244562953710556,
      "m15": 1
    },
    {
      "__type__": "cc.Mat4",
      "m00": 0.9991811513900757,
      "m01": -0.03499852493405342,
      "m02": -0.020300578325986862,
      "m03": 0,
      "m04": -0.04045998305082321,
      "m05": -0.8643074631690979,
      "m06": -0.5013337731361389,
      "m07": 0,
      "m08": 1.7853352476948636e-11,
      "m09": 0.5017446279525757,
      "m10": -0.8650158047676086,
      "m11": 0,
      "m12": 0.10541804134845734,
      "m13": 1.107203722000122,
      "m14": 0.693412721157074,
      "m15": 1
    },
    {
      "__type__": "cc.Mat4",
      "m00": 0.9991811513900757,
      "m01": 0.034998584538698196,
      "m02": 0.020300613716244698,
      "m03": 0,
      "m04": 0.04046005383133888,
      "m05": -0.8643074631690979,
      "m06": -0.5013337731361389,
      "m07": 0,
      "m08": 1.7853354211672112e-11,
      "m09": 0.5017446279525757,
      "m10": -0.8650158047676086,
      "m11": 0,
      "m12": -0.1054181456565857,
      "m13": 1.107203722000122,
      "m14": 0.693412721157074,
      "m15": 1
    },
    {
      "__type__": "cc.Mat4",
      "m00": 1,
      "m01": -1.9670016726536232e-9,
      "m02": -5.274050085546378e-10,
      "m03": 0,
      "m04": -2.036397495075448e-9,
      "m05": -0.963510274887085,
      "m06": -0.2676713466644287,
      "m07": 0,
      "m08": 1.8349891051094858e-11,
      "m09": 0.2676713466644287,
      "m10": -0.963510274887085,
      "m11": 0,
      "m12": -0.05508166924118996,
      "m13": 1.1780383586883545,
      "m14": 0.41157054901123047,
      "m15": 1
    }
  ],
  "_hash": 2395719917
}