{
  "__type__": "cc.Skeleton",
  "_name": "Skin-0",
  "_objFlags": 0,
  "__editorExtras__": {},
  "_native": "",
  "_joints": [
    "mixamorig:Hips/mixamorig:Spine/mixamorig:Spine1/mixamorig:Spine2",
    "mixamorig:Hips/mixamorig:Spine/mixamorig:Spine1/mixamorig:Spine2/mixamorig:Neck",
    "mixamorig:Hips/mixamorig:Spine/mixamorig:Spine1/mixamorig:Spine2/mixamorig:Neck/mixamorig:Neck1",
    "mixamorig:Hips/mixamorig:Spine/mixamorig:Spine1/mixamorig:Spine2/mixamorig:Neck/mixamorig:Neck1/mixamorig:Head",
    "mixamorig:Hips/mixamorig:Spine/mixamorig:Spine1/mixamorig:Spine2/mixamorig:Neck/mixamorig:Neck1/mixamorig:Head/mixamorig:LeftEye",
    "mixamorig:Hips/mixamorig:Spine/mixamorig:Spine1/mixamorig:Spine2/mixamorig:Neck/mixamorig:Neck1/mixamorig:Head/mixamorig:RightEye",
    "mixamorig:Hips/mixamorig:Spine/mixamorig:Spine1/mixamorig:Spine2/mixamorig:Neck/mixamorig:Neck1/mixamorig:Head/mixamorig:Jaw"
  ],
  "_bindposes": [
    {
      "__type__": "cc.Mat4",
      "m00": 1,
      "m01": 9.309693016490428e-10,
      "m02": -0.000003245537754992256,
      "m03": 0,
      "m04": 9.707341632747557e-7,
      "m05": 0.9541365504264832,
      "m06": 0.2993718087673187,
      "m07": 0,
      "m08": 0.0000030969647468737094,
      "m09": -0.2993718087673187,
      "m10": 0.9541365504264832,
      "m11": 0,
      "m12": -0.0000014537163224304095,
      "m13": -1.292495846748352,
      "m14": -0.406411349773407,
      "m15": 1
    },
    {
      "__type__": "cc.Mat4",
      "m00": 1,
      "m01": 9.335462403115002e-10,
      "m02": -1.3441039947714728e-10,
      "m03": 0,
      "m04": -9.335462403115002e-10,
      "m05": 1,
      "m06": 8.11526845723165e-9,
      "m07": 0,
      "m08": 1.344104133549351e-10,
      "m09": -8.11526845723165e-9,
      "m10": 1,
      "m11": 0,
      "m12": -1.3463153436532593e-7,
      "m13": -1.493659496307373,
      "m14": 0.04270687699317932,
      "m15": 1
    },
    {
      "__type__": "cc.Mat4",
      "m00": 1,
      "m01": 9.335462403115002e-10,
      "m02": -1.3441039947714728e-10,
      "m03": 0,
      "m04": -9.335462403115002e-10,
      "m05": 1,
      "m06": 8.11526845723165e-9,
      "m07": 0,
      "m08": 1.344104133549351e-10,
      "m09": -8.11526845723165e-9,
      "m10": 1,
      "m11": 0,
      "m12": -1.3463188963669381e-7,
      "m13": -1.5370594263076782,
      "m14": 0.033437877893447876,
      "m15": 1
    },
    {
      "__type__": "cc.Mat4",
      "m00": 1,
      "m01": 9.335462403115002e-10,
      "m02": -1.3441039947714728e-10,
      "m03": 0,
      "m04": -9.335462403115002e-10,
      "m05": 1,
      "m06": 8.11526845723165e-9,
      "m07": 0,
      "m08": 1.344104133549351e-10,
      "m09": -8.11526845723165e-9,
      "m10": 1,
      "m11": 0,
      "m12": -1.3463221648635226e-7,
      "m13": -1.5773255825042725,
      "m14": 0.024852877482771873,
      "m15": 1
    },
    {
      "__type__": "cc.Mat4",
      "m00": 1,
      "m01": 9.335462403115002e-10,
      "m02": -1.3441039947714728e-10,
      "m03": 0,
      "m04": -9.335462403115002e-10,
      "m05": 1,
      "m06": 8.11526845723165e-9,
      "m07": 0,
      "m08": 1.344104133549351e-10,
      "m09": -8.11526845723165e-9,
      "m10": 1,
      "m11": 0,
      "m12": -0.030057135969400406,
      "m13": -1.6499435901641846,
      "m14": -0.05470312014222145,
      "m15": 1
    },
    {
      "__type__": "cc.Mat4",
      "m00": 1,
      "m01": 9.335462403115002e-10,
      "m02": -1.3441039947714728e-10,
      "m03": 0,
      "m04": -9.335462403115002e-10,
      "m05": 1,
      "m06": 8.11526845723165e-9,
      "m07": 0,
      "m08": 1.344104133549351e-10,
      "m09": -8.11526845723165e-9,
      "m10": 1,
      "m11": 0,
      "m12": 0.030056865885853767,
      "m13": -1.6499435901641846,
      "m14": -0.05470312014222145,
      "m15": 1
    },
    {
      "__type__": "cc.Mat4",
      "m00": 1,
      "m01": 9.335462403115002e-10,
      "m02": -1.3441039947714728e-10,
      "m03": 0,
      "m04": -9.335462403115002e-10,
      "m05": 1,
      "m06": 8.11526845723165e-9,
      "m07": 0,
      "m08": 1.344104133549351e-10,
      "m09": -8.11526845723165e-9,
      "m10": 1,
      "m11": 0,
      "m12": -1.346333817764389e-7,
      "m13": -1.5976284742355347,
      "m14": 0.0002908799797296524,
      "m15": 1
    }
  ],
  "_hash": 498957655
}