{
  "__type__": "cc.Skeleton",
  "_name": "Skin-3",
  "_objFlags": 0,
  "__editorExtras__": {},
  "_native": "",
  "_joints": [
    "mixamorig:Hips/mixamorig:Spine/mixamorig:Spine1/mixamorig:Spine2/mixamorig:Neck",
    "mixamorig:Hips/mixamorig:Spine/mixamorig:Spine1/mixamorig:Spine2/mixamorig:Neck/mixamorig:Head",
    "mixamorig:Hips/mixamorig:Spine/mixamorig:Spine1/mixamorig:Spine2/mixamorig:Neck/mixamorig:Head/mixamorig:HeadTop_End",
    "mixamorig:Hips/mixamorig:Spine/mixamorig:Spine1/mixamorig:Spine2/mixamorig:Neck/mixamorig:Head/mixamorig:HairB",
    "mixamorig:Hips/mixamorig:Spine/mixamorig:Spine1/mixamorig:Spine2/mixamorig:Neck/mixamorig:Head/mixamorig:HairA"
  ],
  "_bindposes": [
    {
      "__type__": "cc.Mat4",
      "m00": 1,
      "m01": 1.322303239126299e-10,
      "m02": -1.7867977930574597e-11,
      "m03": 0,
      "m04": -1.322303239126299e-10,
      "m05": 1,
      "m06": -6.936531062487471e-18,
      "m07": 0,
      "m08": 1.7867977930574597e-11,
      "m09": 6.938893903907228e-18,
      "m10": 1,
      "m11": 0,
      "m12": -2.794327880195624e-9,
      "m13": -1.3291902542114258,
      "m14": 0.01785026304423809,
      "m15": 1
    },
    {
      "__type__": "cc.Mat4",
      "m00": 1,
      "m01": 1.322303239126299e-10,
      "m02": -1.7867977930574597e-11,
      "m03": 0,
      "m04": -1.322303239126299e-10,
      "m05": 1,
      "m06": -6.936531062487471e-18,
      "m07": 0,
      "m08": 1.7867977930574597e-11,
      "m09": 6.938893903907228e-18,
      "m10": 1,
      "m11": 0,
      "m12": -2.800826459647965e-9,
      "m13": -1.4197009801864624,
      "m14": 0.007510047405958176,
      "m15": 1
    },
    {
      "__type__": "cc.Mat4",
      "m00": 1,
      "m01": 1.322303239126299e-10,
      "m02": -1.7867977930574597e-11,
      "m03": 0,
      "m04": -1.322303239126299e-10,
      "m05": 1,
      "m06": -6.936531062487471e-18,
      "m07": 0,
      "m08": 1.7867977930574597e-11,
      "m09": 6.938893903907228e-18,
      "m10": 1,
      "m11": 0,
      "m12": -3.5662710562434086e-9,
      "m13": -1.868666172027588,
      "m14": 0.007510047405958176,
      "m15": 1
    },
    {
      "__type__": "cc.Mat4",
      "m00": 1,
      "m01": 1.322303239126299e-10,
      "m02": -1.7867977930574597e-11,
      "m03": 0,
      "m04": -1.322303239126299e-10,
      "m05": 1,
      "m06": -6.936531062487471e-18,
      "m07": 0,
      "m08": 1.7867977930574597e-11,
      "m09": 6.938893903907228e-18,
      "m10": 1,
      "m11": 0,
      "m12": -0.0020839767530560493,
      "m13": -1.6675617694854736,
      "m14": -0.24071301519870758,
      "m15": 1
    },
    {
      "__type__": "cc.Mat4",
      "m00": 1,
      "m01": 1.322303239126299e-10,
      "m02": -1.7867977930574597e-11,
      "m03": 0,
      "m04": -1.322303239126299e-10,
      "m05": 1,
      "m06": -6.936531062487471e-18,
      "m07": 0,
      "m08": 1.7867977930574597e-11,
      "m09": 6.938893903907228e-18,
      "m10": 1,
      "m11": 0,
      "m12": 0.0708107277750969,
      "m13": -1.663983941078186,
      "m14": -0.2244562953710556,
      "m15": 1
    }
  ],
  "_hash": 1770183202
}